"LOCATION","INDICATOR","SUBJECT","MEASURE","FREQUENCY","TIME","Value","Flag Codes"
"LUX","ROADACCID","DEATH","1000000HAB","A","1994",163.80219643854,
"LUX","ROADACCID","DEATH","1000000HAB","A","1995",171.30620985011,
"LUX","ROADACCID","DEATH","1000000HAB","A","1996",171.40442995956,
"LUX","ROADACCID","DEATH","1000000HAB","A","1997",143.04446298725,
"LUX","ROADACCID","DEATH","1000000HAB","A","1998",134.21238521309,
"LUX","ROADACCID","DEATH","1000000HAB","A","1999",134.73488588187,
"LUX","ROADACCID","DEATH","1000000HAB","A","2000",174.19206967683,
"LUX","ROADACCID","DEATH","1000000HAB","A","2001",158.5414189457,
"LUX","ROADACCID","DEATH","1000000HAB","A","2002",138.95892867149,
"LUX","ROADACCID","DEATH","1000000HAB","A","2003",117.35270021921,
"LUX","ROADACCID","DEATH","1000000HAB","A","2004",109.14766587717,
"LUX","ROADACCID","DEATH","1000000HAB","A","2005",101.04093662798,
"LUX","ROADACCID","DEATH","1000000HAB","A","2006",90.978911934529,
"LUX","ROADACCID","DEATH","1000000HAB","A","2007",93.751367207438,
"LUX","ROADACCID","DEATH","1000000HAB","A","2008",71.625908114192,
"LUX","ROADACCID","DEATH","1000000HAB","A","2009",96.427559800154,
"LUX","ROADACCID","DEATH","1000000HAB","A","2010",63.122222375644,
"LUX","ROADACCID","DEATH","1000000HAB","A","2011",63.66391625687,
"LUX","ROADACCID","DEATH","1000000HAB","A","2012",64.03664402783,
"LUX","ROADACCID","DEATH","1000000HAB","A","2013",82.818021201413,
"GBR","ROADACCID","DEATH","1000000HAB","A","1994",65.79021837531,
"GBR","ROADACCID","DEATH","1000000HAB","A","1995",64.89250164989,
"GBR","ROADACCID","DEATH","1000000HAB","A","1996",64.297681071468,
"GBR","ROADACCID","DEATH","1000000HAB","A","1997",64.183736345352,
"GBR","ROADACCID","DEATH","1000000HAB","A","1998",61.227133670288,
"GBR","ROADACCID","DEATH","1000000HAB","A","1999",60.733644015574,
"GBR","ROADACCID","DEATH","1000000HAB","A","2000",60.78871076891,
"GBR","ROADACCID","DEATH","1000000HAB","A","2001",60.859605904789,
"GBR","ROADACCID","DEATH","1000000HAB","A","2002",60.316171611147,
"GBR","ROADACCID","DEATH","1000000HAB","A","2003",61.32688340383,
"GBR","ROADACCID","DEATH","1000000HAB","A","2004",56.144651159263,
"GBR","ROADACCID","DEATH","1000000HAB","A","2005",55.230685294595,
"GBR","ROADACCID","DEATH","1000000HAB","A","2006",54.201682191444,
"GBR","ROADACCID","DEATH","1000000HAB","A","2007",49.883841097511,
"GBR","ROADACCID","DEATH","1000000HAB","A","2008",42.794508938673,
"GBR","ROADACCID","DEATH","1000000HAB","A","2009",37.526332261068,
"GBR","ROADACCID","DEATH","1000000HAB","A","2010",30.350650384167,
"GBR","ROADACCID","DEATH","1000000HAB","A","2011",30.983773702864,
"GBR","ROADACCID","DEATH","1000000HAB","A","2012",28.288720775255,
"GBR","ROADACCID","DEATH","1000000HAB","A","2013",27.600950632877,
"LTU","ROADACCID","DEATH","1000000HAB","A","1994",209.17962213137,
"LTU","ROADACCID","DEATH","1000000HAB","A","1995",184.89422452166,
"LTU","ROADACCID","DEATH","1000000HAB","A","1996",185.19480021868,
"LTU","ROADACCID","DEATH","1000000HAB","A","1997",203.06914112662,
"LTU","ROADACCID","DEATH","1000000HAB","A","1998",233.56514227611,
"LTU","ROADACCID","DEATH","1000000HAB","A","1999",212.2444624909,
"LTU","ROADACCID","DEATH","1000000HAB","A","2000",183.16713987226,
"LTU","ROADACCID","DEATH","1000000HAB","A","2001",203.41026236466,
"LTU","ROADACCID","DEATH","1000000HAB","A","2002",202.43579343649,
"LTU","ROADACCID","DEATH","1000000HAB","A","2003",207.60052154873,
"LTU","ROADACCID","DEATH","1000000HAB","A","2004",222.67790913735,
"LTU","ROADACCID","DEATH","1000000HAB","A","2005",232.65417176319,
"LTU","ROADACCID","DEATH","1000000HAB","A","2006",232.42237016382,
"LTU","ROADACCID","DEATH","1000000HAB","A","2007",229.01042121206,
"LTU","ROADACCID","DEATH","1000000HAB","A","2008",156.02375188034,
"LTU","ROADACCID","DEATH","1000000HAB","A","2009",116.98065961916,
"LTU","ROADACCID","DEATH","1000000HAB","A","2010",96.536253398948,
"LTU","ROADACCID","DEATH","1000000HAB","A","2011",97.750580806872,
"LTU","ROADACCID","DEATH","1000000HAB","A","2012",101.0786294675,
"LTU","ROADACCID","DEATH","1000000HAB","A","2013",86.554062986338,
"RUS","ROADACCID","DEATH","1000000HAB","A","1994",239.98894401898,
"RUS","ROADACCID","DEATH","1000000HAB","A","1995",220.99976110648,
"RUS","ROADACCID","DEATH","1000000HAB","A","1996",198.89303217125,
"RUS","ROADACCID","DEATH","1000000HAB","A","1997",187.03270514119,
"RUS","ROADACCID","DEATH","1000000HAB","A","1998",196.5251168458,
"RUS","ROADACCID","DEATH","1000000HAB","A","1999",201.86884988799,
"RUS","ROADACCID","DEATH","1000000HAB","A","2000",201.87377251977,
"RUS","ROADACCID","DEATH","1000000HAB","A","2001",211.78811874271,
"RUS","ROADACCID","DEATH","1000000HAB","A","2002",228.77919339984,
"RUS","ROADACCID","DEATH","1000000HAB","A","2003",246.12809541148,
"RUS","ROADACCID","DEATH","1000000HAB","A","2004",239.51346988743,
"RUS","ROADACCID","DEATH","1000000HAB","A","2005",236.60360551509,
"RUS","ROADACCID","DEATH","1000000HAB","A","2006",228.75992991742,
"RUS","ROADACCID","DEATH","1000000HAB","A","2007",233.24098928464,
"RUS","ROADACCID","DEATH","1000000HAB","A","2008",209.72052092459,
"RUS","ROADACCID","DEATH","1000000HAB","A","2009",193.71035998919,
"RUS","ROADACCID","DEATH","1000000HAB","A","2010",185.97901627188,
"RUS","ROADACCID","DEATH","1000000HAB","A","2011",195.52903106324,
"RUS","ROADACCID","DEATH","1000000HAB","A","2012",195.46558938319,
"RUS","ROADACCID","DEATH","1000000HAB","A","2013",188.31845666304,
"CHE","ROADACCID","DEATH","1000000HAB","A","1994",97.086059857345,
"CHE","ROADACCID","DEATH","1000000HAB","A","1995",98.285863297147,
"CHE","ROADACCID","DEATH","1000000HAB","A","1996",87.105919950225,
"CHE","ROADACCID","DEATH","1000000HAB","A","1997",82.805442758022,
"CHE","ROADACCID","DEATH","1000000HAB","A","1998",83.966232916142,
"CHE","ROADACCID","DEATH","1000000HAB","A","1999",81.607045697566,
"CHE","ROADACCID","DEATH","1000000HAB","A","2000",82.402477642064,
"CHE","ROADACCID","DEATH","1000000HAB","A","2001",75.243566467594,
"CHE","ROADACCID","DEATH","1000000HAB","A","2002",70.421056142878,
"CHE","ROADACCID","DEATH","1000000HAB","A","2003",74.397046682512,
"CHE","ROADACCID","DEATH","1000000HAB","A","2004",69.015680768645,
"CHE","ROADACCID","DEATH","1000000HAB","A","2005",54.994443409844,
"CHE","ROADACCID","DEATH","1000000HAB","A","2006",49.439238774687,
"CHE","ROADACCID","DEATH","1000000HAB","A","2007",50.853403542814,
"CHE","ROADACCID","DEATH","1000000HAB","A","2008",46.680853985035,
"CHE","ROADACCID","DEATH","1000000HAB","A","2009",45.068132297825,
"CHE","ROADACCID","DEATH","1000000HAB","A","2010",41.789623368144,
"CHE","ROADACCID","DEATH","1000000HAB","A","2011",40.442859421379,
"CHE","ROADACCID","DEATH","1000000HAB","A","2012",42.391633417162,
"CHE","ROADACCID","DEATH","1000000HAB","A","2013",33.253615310805,
"MEX","ROADACCID","DEATH","1000000HAB","A","1994",55.387625832646,
"MEX","ROADACCID","DEATH","1000000HAB","A","1995",49.741838476001,
"MEX","ROADACCID","DEATH","1000000HAB","A","1996",50.267824040293,
"MEX","ROADACCID","DEATH","1000000HAB","A","1997",51.140121991446,
"MEX","ROADACCID","DEATH","1000000HAB","A","1998",51.24393228936,
"MEX","ROADACCID","DEATH","1000000HAB","A","1999",50.906984295674,
"MEX","ROADACCID","DEATH","1000000HAB","A","2000",51.356830453043,
"MEX","ROADACCID","DEATH","1000000HAB","A","2001",49.938356643657,
"MEX","ROADACCID","DEATH","1000000HAB","A","2002",46.60985732554,
"MEX","ROADACCID","DEATH","1000000HAB","A","2003",44.017228892421,
"MEX","ROADACCID","DEATH","1000000HAB","A","2004",43.020467489765,
"MEX","ROADACCID","DEATH","1000000HAB","A","2005",43.421252488702,
"MEX","ROADACCID","DEATH","1000000HAB","A","2006",44.580742910286,
"MEX","ROADACCID","DEATH","1000000HAB","A","2007",48.266956075264,
"MEX","ROADACCID","DEATH","1000000HAB","A","2008",47.324603112731,
"MEX","ROADACCID","DEATH","1000000HAB","A","2009",42.153936097161,
"MEX","ROADACCID","DEATH","1000000HAB","A","2010",42.891624805921,
"MEX","ROADACCID","DEATH","1000000HAB","A","2011",36.997223705157,
"MEX","ROADACCID","DEATH","1000000HAB","A","2012",37.565700560548,
"MEX","ROADACCID","DEATH","1000000HAB","A","2013",31.411185070075,
"CAN","ROADACCID","DEATH","1000000HAB","A","1994",110.9511689135,
"CAN","ROADACCID","DEATH","1000000HAB","A","1995",112.86366423656,
"CAN","ROADACCID","DEATH","1000000HAB","A","1996",105.45330767494,
"CAN","ROADACCID","DEATH","1000000HAB","A","1997",102.57709956248,
"CAN","ROADACCID","DEATH","1000000HAB","A","1998",96.502567120362,
"CAN","ROADACCID","DEATH","1000000HAB","A","1999",97.707480851957,
"CAN","ROADACCID","DEATH","1000000HAB","A","2000",94.378560726949,
"CAN","ROADACCID","DEATH","1000000HAB","A","2001",88.733314243981,
"CAN","ROADACCID","DEATH","1000000HAB","A","2002",93.138192717301,
"CAN","ROADACCID","DEATH","1000000HAB","A","2003",87.668897588079,
"CAN","ROADACCID","DEATH","1000000HAB","A","2004",85.482106579153,
"CAN","ROADACCID","DEATH","1000000HAB","A","2005",89.688041594454,
"CAN","ROADACCID","DEATH","1000000HAB","A","2006",88.147236280187,
"CAN","ROADACCID","DEATH","1000000HAB","A","2007",83.708526727497,
"CAN","ROADACCID","DEATH","1000000HAB","A","2008",73.122077805199,
"CAN","ROADACCID","DEATH","1000000HAB","A","2009",65.896347483811,
"CAN","ROADACCID","DEATH","1000000HAB","A","2010",65.813320604327,
"CAN","ROADACCID","DEATH","1000000HAB","A","2011",58.906122334884,
"CAN","ROADACCID","DEATH","1000000HAB","A","2012",59.711293736544,
"CAN","ROADACCID","DEATH","1000000HAB","A","2013",55.501236474241,
"LVA","ROADACCID","DEATH","1000000HAB","A","1994",284.44005772903,
"LVA","ROADACCID","DEATH","1000000HAB","A","1995",245.86971078318,
"LVA","ROADACCID","DEATH","1000000HAB","A","1996",223.82999989419,
"LVA","ROADACCID","DEATH","1000000HAB","A","1997",215.79619960285,
"LVA","ROADACCID","DEATH","1000000HAB","A","1998",260.16392401886,
"LVA","ROADACCID","DEATH","1000000HAB","A","1999",252.66870865374,
"LVA","ROADACCID","DEATH","1000000HAB","A","2000",248.35800722266,
"LVA","ROADACCID","DEATH","1000000HAB","A","2001",221.20769991058,
"LVA","ROADACCID","DEATH","1000000HAB","A","2002",224.2256315869,
"LVA","ROADACCID","DEATH","1000000HAB","A","2003",215.47626592306,
"LVA","ROADACCID","DEATH","1000000HAB","A","2004",228.0036162434,
"LVA","ROADACCID","DEATH","1000000HAB","A","2005",197.4272813236,
"LVA","ROADACCID","DEATH","1000000HAB","A","2006",183.46911700867,
"LVA","ROADACCID","DEATH","1000000HAB","A","2007",190.42641427971,
"LVA","ROADACCID","DEATH","1000000HAB","A","2008",145.13241495746,
"LVA","ROADACCID","DEATH","1000000HAB","A","2009",118.59909257686,
"LVA","ROADACCID","DEATH","1000000HAB","A","2010",103.9305286393,
"LVA","ROADACCID","DEATH","1000000HAB","A","2011",86.905480337271,
"LVA","ROADACCID","DEATH","1000000HAB","A","2012",87.00700332642,
"LVA","ROADACCID","DEATH","1000000HAB","A","2013",88.937603067006,
"UKR","ROADACCID","DEATH","1000000HAB","A","1994",145.60570925379,
"UKR","ROADACCID","DEATH","1000000HAB","A","1995",146.17868249289,
"UKR","ROADACCID","DEATH","1000000HAB","A","1996",129.87397328122,
"UKR","ROADACCID","DEATH","1000000HAB","A","1997",118.35370938966,
"UKR","ROADACCID","DEATH","1000000HAB","A","1998",110.12298016715,
"UKR","ROADACCID","DEATH","1000000HAB","A","1999",106.072974744,
"UKR","ROADACCID","DEATH","1000000HAB","A","2000",105.43793774537,
"UKR","ROADACCID","DEATH","1000000HAB","A","2001",122.91546696221,
"UKR","ROADACCID","DEATH","1000000HAB","A","2002",124.10144702038,
"UKR","ROADACCID","DEATH","1000000HAB","A","2003",149.52016137887,
"UKR","ROADACCID","DEATH","1000000HAB","A","2004",146.80221530992,
"UKR","ROADACCID","DEATH","1000000HAB","A","2005",153.46517312863,
"UKR","ROADACCID","DEATH","1000000HAB","A","2006",162.26469535295,
"UKR","ROADACCID","DEATH","1000000HAB","A","2007",205.85108155672,
"UKR","ROADACCID","DEATH","1000000HAB","A","2008",166.84609431409,
"UKR","ROADACCID","DEATH","1000000HAB","A","2009",116.12631450949,
"UKR","ROADACCID","DEATH","1000000HAB","A","2010",106.27699163082,
"UKR","ROADACCID","DEATH","1000000HAB","A","2011",107.38172804068,
"UKR","ROADACCID","DEATH","1000000HAB","A","2012",112.53846508149,
"UKR","ROADACCID","DEATH","1000000HAB","A","2013",106.04621715733,"P"
"ITA","ROADACCID","DEATH","1000000HAB","A","1994",124.97493112657,
"ITA","ROADACCID","DEATH","1000000HAB","A","1995",123.72392005581,
"ITA","ROADACCID","DEATH","1000000HAB","A","1996",117.62164875689,
"ITA","ROADACCID","DEATH","1000000HAB","A","1997",118.1922311916,
"ITA","ROADACCID","DEATH","1000000HAB","A","1998",120.35480364155,
"ITA","ROADACCID","DEATH","1000000HAB","A","1999",117.50584634631,
"ITA","ROADACCID","DEATH","1000000HAB","A","2000",124.00313665943,
"ITA","ROADACCID","DEATH","1000000HAB","A","2001",124.54782085193,
"ITA","ROADACCID","DEATH","1000000HAB","A","2002",122.32950356111,
"ITA","ROADACCID","DEATH","1000000HAB","A","2003",114.51113629088,
"ITA","ROADACCID","DEATH","1000000HAB","A","2004",106.12750795363,
"ITA","ROADACCID","DEATH","1000000HAB","A","2005",100.36314968751,
"ITA","ROADACCID","DEATH","1000000HAB","A","2006",97.499347266894,
"ITA","ROADACCID","DEATH","1000000HAB","A","2007",87.801991536032,
"ITA","ROADACCID","DEATH","1000000HAB","A","2008",80.320628389159,
"ITA","ROADACCID","DEATH","1000000HAB","A","2009",71.697670367211,
"ITA","ROADACCID","DEATH","1000000HAB","A","2010",69.40248425467,
"ITA","ROADACCID","DEATH","1000000HAB","A","2011",65.005655407816,
"ITA","ROADACCID","DEATH","1000000HAB","A","2012",63.033554559892,
"ITA","ROADACCID","DEATH","1000000HAB","A","2013",56.463175882145,
"FRA","ROADACCID","DEATH","1000000HAB","A","1994",152.02135304162,
"FRA","ROADACCID","DEATH","1000000HAB","A","1995",149.32342013479,
"FRA","ROADACCID","DEATH","1000000HAB","A","1996",142.93819065454,
"FRA","ROADACCID","DEATH","1000000HAB","A","1997",140.81582559089,
"FRA","ROADACCID","DEATH","1000000HAB","A","1998",148.17328491832,
"FRA","ROADACCID","DEATH","1000000HAB","A","1999",140.28860210235,
"FRA","ROADACCID","DEATH","1000000HAB","A","2000",132.63287502565,
"FRA","ROADACCID","DEATH","1000000HAB","A","2001",132.99122860915,
"FRA","ROADACCID","DEATH","1000000HAB","A","2002",123.85675803326,
"FRA","ROADACCID","DEATH","1000000HAB","A","2003",97.325264600854,
"FRA","ROADACCID","DEATH","1000000HAB","A","2004",89.195588318902,
"FRA","ROADACCID","DEATH","1000000HAB","A","2005",84.173071040252,
"FRA","ROADACCID","DEATH","1000000HAB","A","2006",74.015997860845,
"FRA","ROADACCID","DEATH","1000000HAB","A","2007",72.169201724432,
"FRA","ROADACCID","DEATH","1000000HAB","A","2008",66.40777833764,
"FRA","ROADACCID","DEATH","1000000HAB","A","2009",66.036087199409,
"FRA","ROADACCID","DEATH","1000000HAB","A","2010",61.389405563403,
"FRA","ROADACCID","DEATH","1000000HAB","A","2011",60.649398498916,
"FRA","ROADACCID","DEATH","1000000HAB","A","2012",55.635268642121,
"FRA","ROADACCID","DEATH","1000000HAB","A","2013",49.516156843184,
"POL","ROADACCID","DEATH","1000000HAB","A","1994",174.974986153,
"POL","ROADACCID","DEATH","1000000HAB","A","1995",178.7796439321,
"POL","ROADACCID","DEATH","1000000HAB","A","1996",164.63698954831,
"POL","ROADACCID","DEATH","1000000HAB","A","1997",189.1866577869,
"POL","ROADACCID","DEATH","1000000HAB","A","1998",183.1185350331,
"POL","ROADACCID","DEATH","1000000HAB","A","1999",174.08051795602,
"POL","ROADACCID","DEATH","1000000HAB","A","2000",164.51190658191,
"POL","ROADACCID","DEATH","1000000HAB","A","2001",144.68701641358,
"POL","ROADACCID","DEATH","1000000HAB","A","2002",152.41811456464,
"POL","ROADACCID","DEATH","1000000HAB","A","2003",147.62631800332,
"POL","ROADACCID","DEATH","1000000HAB","A","2004",149.59841781864,
"POL","ROADACCID","DEATH","1000000HAB","A","2005",142.64212037879,
"POL","ROADACCID","DEATH","1000000HAB","A","2006",137.46265953881,
"POL","ROADACCID","DEATH","1000000HAB","A","2007",146.45640043063,
"POL","ROADACCID","DEATH","1000000HAB","A","2008",142.60699701742,
"POL","ROADACCID","DEATH","1000000HAB","A","2009",119.83769069939,
"POL","ROADACCID","DEATH","1000000HAB","A","2010",102.70013290822,
"POL","ROADACCID","DEATH","1000000HAB","A","2011",110.05364622652,
"POL","ROADACCID","DEATH","1000000HAB","A","2012",93.975372094658,
"POL","ROADACCID","DEATH","1000000HAB","A","2013",88.2487566573,
"HRV","ROADACCID","DEATH","1000000HAB","A","1994",172.90322580645,
"HRV","ROADACCID","DEATH","1000000HAB","A","1995",171.34289997858,
"HRV","ROADACCID","DEATH","1000000HAB","A","1996",160.43613707165,
"HRV","ROADACCID","DEATH","1000000HAB","A","1997",156.16797900262,
"HRV","ROADACCID","DEATH","1000000HAB","A","1998",143.52366140858,
"HRV","ROADACCID","DEATH","1000000HAB","A","1999",145.3667105841,
"HRV","ROADACCID","DEATH","1000000HAB","A","2000",147.98915499322,
"HRV","ROADACCID","DEATH","1000000HAB","A","2001",145.72072072072,
"HRV","ROADACCID","DEATH","1000000HAB","A","2002",141.21621621622,
"HRV","ROADACCID","DEATH","1000000HAB","A","2003",157.88288288288,
"HRV","ROADACCID","DEATH","1000000HAB","A","2004",136.96778553728,
"HRV","ROADACCID","DEATH","1000000HAB","A","2005",134.39891940567,
"HRV","ROADACCID","DEATH","1000000HAB","A","2006",138.28828828829,
"HRV","ROADACCID","DEATH","1000000HAB","A","2007",139.54012623986,
"HRV","ROADACCID","DEATH","1000000HAB","A","2008",149.73476200742,
"HRV","ROADACCID","DEATH","1000000HAB","A","2009",123.72778262203,
"HRV","ROADACCID","DEATH","1000000HAB","A","2010",96.428501095912,
"HRV","ROADACCID","DEATH","1000000HAB","A","2011",97.649360303246,
"HRV","ROADACCID","DEATH","1000000HAB","A","2012",92.09013679486,
"HRV","ROADACCID","DEATH","1000000HAB","A","2013",86.472484244032,
"SWE","ROADACCID","DEATH","1000000HAB","A","1994",67.078590711836,
"SWE","ROADACCID","DEATH","1000000HAB","A","1995",64.801626022339,
"SWE","ROADACCID","DEATH","1000000HAB","A","1996",60.739749064529,
"SWE","ROADACCID","DEATH","1000000HAB","A","1997",61.157156709957,
"SWE","ROADACCID","DEATH","1000000HAB","A","1998",59.993397336835,
"SWE","ROADACCID","DEATH","1000000HAB","A","1999",65.478465825998,
"SWE","ROADACCID","DEATH","1000000HAB","A","2000",66.613248326863,
"SWE","ROADACCID","DEATH","1000000HAB","A","2001",65.535366615857,
"SWE","ROADACCID","DEATH","1000000HAB","A","2002",62.745393311655,
"SWE","ROADACCID","DEATH","1000000HAB","A","2003",59.051850538762,
"SWE","ROADACCID","DEATH","1000000HAB","A","2004",53.371695722181,
"SWE","ROADACCID","DEATH","1000000HAB","A","2005",48.728776956427,
"SWE","ROADACCID","DEATH","1000000HAB","A","2006",49.006085013994,
"SWE","ROADACCID","DEATH","1000000HAB","A","2007",51.486145963552,
"SWE","ROADACCID","DEATH","1000000HAB","A","2008",43.060263652463,
"SWE","ROADACCID","DEATH","1000000HAB","A","2009",38.500771359728,
"SWE","ROADACCID","DEATH","1000000HAB","A","2010",28.363875682626,"B"
"SWE","ROADACCID","DEATH","1000000HAB","A","2011",33.759425255839,
"SWE","ROADACCID","DEATH","1000000HAB","A","2012",29.93894346414,
"SWE","ROADACCID","DEATH","1000000HAB","A","2013",27.082264148113,
"MLT","ROADACCID","DEATH","1000000HAB","A","1999",30.961509683212,
"MLT","ROADACCID","DEATH","1000000HAB","A","2000",38.452960493428,
"MLT","ROADACCID","DEATH","1000000HAB","A","2001",40.709567766164,
"MLT","ROADACCID","DEATH","1000000HAB","A","2002",40.407203594221,
"MLT","ROADACCID","DEATH","1000000HAB","A","2003",42.651198498678,
"MLT","ROADACCID","DEATH","1000000HAB","A","2004",32.397300557234,
"MLT","ROADACCID","DEATH","1000000HAB","A","2005",39.620239999604,
"MLT","ROADACCID","DEATH","1000000HAB","A","2006",24.672594668746,
"MLT","ROADACCID","DEATH","1000000HAB","A","2007",34.421376658373,
"MLT","ROADACCID","DEATH","1000000HAB","A","2008",36.64086335645,
"MLT","ROADACCID","DEATH","1000000HAB","A","2009",50.911929634864,
"MLT","ROADACCID","DEATH","1000000HAB","A","2010",36.187480096886,
"MLT","ROADACCID","DEATH","1000000HAB","A","2011",40.839074826794,
"MLT","ROADACCID","DEATH","1000000HAB","A","2012",21.427142952375,
"MLT","ROADACCID","DEATH","1000000HAB","A","2013",42.256794540422,
"AZE","ROADACCID","DEATH","1000000HAB","A","1994",145.7154139792,
"AZE","ROADACCID","DEATH","1000000HAB","A","1995",128.8223812622,
"AZE","ROADACCID","DEATH","1000000HAB","A","1996",98.286744815149,
"AZE","ROADACCID","DEATH","1000000HAB","A","1997",77.185596274679,
"AZE","ROADACCID","DEATH","1000000HAB","A","1998",75.066346518387,
"AZE","ROADACCID","DEATH","1000000HAB","A","1999",69.399642980176,
"AZE","ROADACCID","DEATH","1000000HAB","A","2000",74.050145366896,
"AZE","ROADACCID","DEATH","1000000HAB","A","2001",68.917052963803,
"AZE","ROADACCID","DEATH","1000000HAB","A","2002",78.561420468799,
"AZE","ROADACCID","DEATH","1000000HAB","A","2003",87.92703513438,
"AZE","ROADACCID","DEATH","1000000HAB","A","2004",97.634382712334,
"AZE","ROADACCID","DEATH","1000000HAB","A","2005",126.90884608281,
"AZE","ROADACCID","DEATH","1000000HAB","A","2006",121.04354385324,
"AZE","ROADACCID","DEATH","1000000HAB","A","2007",129.00143334926,
"AZE","ROADACCID","DEATH","1000000HAB","A","2008",120.04473149691,
"AZE","ROADACCID","DEATH","1000000HAB","A","2009",103.94263350174,
"AZE","ROADACCID","DEATH","1000000HAB","A","2010",102.16104291294,
"AZE","ROADACCID","DEATH","1000000HAB","A","2011",110.75884855275,
"AZE","ROADACCID","DEATH","1000000HAB","A","2012",125.64835843862,
"AZE","ROADACCID","DEATH","1000000HAB","A","2013",123.60885612853,
"SVN","ROADACCID","DEATH","1000000HAB","A","1994",253.83989387984,
"SVN","ROADACCID","DEATH","1000000HAB","A","1995",208.55612823337,
"SVN","ROADACCID","DEATH","1000000HAB","A","1996",195.61225126067,
"SVN","ROADACCID","DEATH","1000000HAB","A","1997",179.76229080604,
"SVN","ROADACCID","DEATH","1000000HAB","A","1998",155.93231629129,
"SVN","ROADACCID","DEATH","1000000HAB","A","1999",168.42784707357,
"SVN","ROADACCID","DEATH","1000000HAB","A","2000",157.37144437322,
"SVN","ROADACCID","DEATH","1000000HAB","A","2001",139.5540294971,
"SVN","ROADACCID","DEATH","1000000HAB","A","2002",134.3674950991,
"SVN","ROADACCID","DEATH","1000000HAB","A","2003",121.25870544807,
"SVN","ROADACCID","DEATH","1000000HAB","A","2004",137.20498424646,
"SVN","ROADACCID","DEATH","1000000HAB","A","2005",128.96943424408,
"SVN","ROADACCID","DEATH","1000000HAB","A","2006",130.55168551195,
"SVN","ROADACCID","DEATH","1000000HAB","A","2007",145.18448339595,
"SVN","ROADACCID","DEATH","1000000HAB","A","2008",105.87162027115,
"SVN","ROADACCID","DEATH","1000000HAB","A","2009",83.837132397463,
"SVN","ROADACCID","DEATH","1000000HAB","A","2010",67.363636230507,
"SVN","ROADACCID","DEATH","1000000HAB","A","2011",68.685233113297,
"SVN","ROADACCID","DEATH","1000000HAB","A","2012",63.193948547487,
"SVN","ROADACCID","DEATH","1000000HAB","A","2013",60.680996119814,
"FIN","ROADACCID","DEATH","1000000HAB","A","1994",94.33344869528,
"FIN","ROADACCID","DEATH","1000000HAB","A","1995",86.338710087925,
"FIN","ROADACCID","DEATH","1000000HAB","A","1996",78.835836663855,
"FIN","ROADACCID","DEATH","1000000HAB","A","1997",85.216743339037,
"FIN","ROADACCID","DEATH","1000000HAB","A","1998",77.617183513024,
"FIN","ROADACCID","DEATH","1000000HAB","A","1999",83.438615701095,
"FIN","ROADACCID","DEATH","1000000HAB","A","2000",76.503866053322,
"FIN","ROADACCID","DEATH","1000000HAB","A","2001",83.461706304231,
"FIN","ROADACCID","DEATH","1000000HAB","A","2002",79.798515478412,
"FIN","ROADACCID","DEATH","1000000HAB","A","2003",72.702662989204,
"FIN","ROADACCID","DEATH","1000000HAB","A","2004",71.726790931897,
"FIN","ROADACCID","DEATH","1000000HAB","A","2005",72.244198352451,
"FIN","ROADACCID","DEATH","1000000HAB","A","2006",63.802297946098,
"FIN","ROADACCID","DEATH","1000000HAB","A","2007",71.851033898561,
"FIN","ROADACCID","DEATH","1000000HAB","A","2008",64.741985309215,
"FIN","ROADACCID","DEATH","1000000HAB","A","2009",52.258239616578,
"FIN","ROADACCID","DEATH","1000000HAB","A","2010",50.714553137665,
"FIN","ROADACCID","DEATH","1000000HAB","A","2011",54.191770571345,
"FIN","ROADACCID","DEATH","1000000HAB","A","2012",47.100363116094,
"FIN","ROADACCID","DEATH","1000000HAB","A","2013",47.435434490194,
"MNE","ROADACCID","DEATH","1000000HAB","A","2005",154.65738505293,
"MNE","ROADACCID","DEATH","1000000HAB","A","2006",138.20576399333,
"MNE","ROADACCID","DEATH","1000000HAB","A","2007",198.0921453217,
"MNE","ROADACCID","DEATH","1000000HAB","A","2008",181.53262157418,
"MNE","ROADACCID","DEATH","1000000HAB","A","2009",161.73535567222,
"MNE","ROADACCID","DEATH","1000000HAB","A","2010",153.36730015434,
"MNE","ROADACCID","DEATH","1000000HAB","A","2011",93.536468740273,
"MNE","ROADACCID","DEATH","1000000HAB","A","2012",74.121698160332,
"MNE","ROADACCID","DEATH","1000000HAB","A","2013",119.12293325735,
"TUR","ROADACCID","DEATH","1000000HAB","A","1994",103.22400066764,
"TUR","ROADACCID","DEATH","1000000HAB","A","1995",102.6563773881,
"TUR","ROADACCID","DEATH","1000000HAB","A","1996",91.344782328144,
"TUR","ROADACCID","DEATH","1000000HAB","A","1997",84.889644869595,
"TUR","ROADACCID","DEATH","1000000HAB","A","1998",99.348454799714,
"TUR","ROADACCID","DEATH","1000000HAB","A","1999",91.720103701353,
"TUR","ROADACCID","DEATH","1000000HAB","A","2000",87.128233040541,
"TUR","ROADACCID","DEATH","1000000HAB","A","2001",68.326831067939,
"TUR","ROADACCID","DEATH","1000000HAB","A","2002",62.830950480154,
"TUR","ROADACCID","DEATH","1000000HAB","A","2003",59.710252745208,
"TUR","ROADACCID","DEATH","1000000HAB","A","2004",66.066881263398,
"TUR","ROADACCID","DEATH","1000000HAB","A","2005",66.344241995755,
"TUR","ROADACCID","DEATH","1000000HAB","A","2006",67.375953823113,
"TUR","ROADACCID","DEATH","1000000HAB","A","2007",71.942465683394,
"TUR","ROADACCID","DEATH","1000000HAB","A","2008",60.136258881881,
"TUR","ROADACCID","DEATH","1000000HAB","A","2009",60.611850275553,
"TUR","ROADACCID","DEATH","1000000HAB","A","2010",55.926622280608,
"TUR","ROADACCID","DEATH","1000000HAB","A","2011",52.241226964565,
"TUR","ROADACCID","DEATH","1000000HAB","A","2012",50.28840939196,
"TUR","ROADACCID","DEATH","1000000HAB","A","2013",48.622901138374,
"IRL","ROADACCID","DEATH","1000000HAB","A","1994",112.52272039831,
"IRL","ROADACCID","DEATH","1000000HAB","A","1995",121.09150832636,
"IRL","ROADACCID","DEATH","1000000HAB","A","1996",124.53574010793,
"IRL","ROADACCID","DEATH","1000000HAB","A","1997",128.46435291117,
"IRL","ROADACCID","DEATH","1000000HAB","A","1998",123.36049059767,
"IRL","ROADACCID","DEATH","1000000HAB","A","1999",109.99295299386,
"IRL","ROADACCID","DEATH","1000000HAB","A","2000",109.06202975212,
"IRL","ROADACCID","DEATH","1000000HAB","A","2001",106.30475114989,
"IRL","ROADACCID","DEATH","1000000HAB","A","2002",95.626924777979,
"IRL","ROADACCID","DEATH","1000000HAB","A","2003",83.822904971599,
"IRL","ROADACCID","DEATH","1000000HAB","A","2004",91.885976873233,
"IRL","ROADACCID","DEATH","1000000HAB","A","2005",95.194275650891,
"IRL","ROADACCID","DEATH","1000000HAB","A","2006",85.408266724635,
"IRL","ROADACCID","DEATH","1000000HAB","A","2007",76.836657541745,
"IRL","ROADACCID","DEATH","1000000HAB","A","2008",62.144395956471,
"IRL","ROADACCID","DEATH","1000000HAB","A","2009",52.476366342364,
"IRL","ROADACCID","DEATH","1000000HAB","A","2010",46.489647829953,
"IRL","ROADACCID","DEATH","1000000HAB","A","2011",40.610608888396,
"IRL","ROADACCID","DEATH","1000000HAB","A","2012",35.438380374703,
"IRL","ROADACCID","DEATH","1000000HAB","A","2013",40.659057367335,
"BEL","ROADACCID","DEATH","1000000HAB","A","1994",167.26635080479,
"BEL","ROADACCID","DEATH","1000000HAB","A","1995",148.46878372301,
"BEL","ROADACCID","DEATH","1000000HAB","A","1996",133.50875885394,
"BEL","ROADACCID","DEATH","1000000HAB","A","1997",133.97182761047,
"BEL","ROADACCID","DEATH","1000000HAB","A","1998",147.01546837952,
"BEL","ROADACCID","DEATH","1000000HAB","A","1999",136.60695889734,
"BEL","ROADACCID","DEATH","1000000HAB","A","2000",143.39714668943,
"BEL","ROADACCID","DEATH","1000000HAB","A","2001",144.46020393581,
"BEL","ROADACCID","DEATH","1000000HAB","A","2002",130.94243226778,
"BEL","ROADACCID","DEATH","1000000HAB","A","2003",117.1920213436,
"BEL","ROADACCID","DEATH","1000000HAB","A","2004",111.60010659106,
"BEL","ROADACCID","DEATH","1000000HAB","A","2005",107.93409092059,
"BEL","ROADACCID","DEATH","1000000HAB","A","2006",104.8544182675,
"BEL","ROADACCID","DEATH","1000000HAB","A","2007",102.95792277215,
"BEL","ROADACCID","DEATH","1000000HAB","A","2008",91.503498654945,
"BEL","ROADACCID","DEATH","1000000HAB","A","2009",88.547271785384,
"BEL","ROADACCID","DEATH","1000000HAB","A","2010",78.013243161038,
"BEL","ROADACCID","DEATH","1000000HAB","A","2011",80.016336366954,
"BEL","ROADACCID","DEATH","1000000HAB","A","2012",74.315395256359,
"BEL","ROADACCID","DEATH","1000000HAB","A","2013",68.319100634482,
"BGR","ROADACCID","DEATH","1000000HAB","A","1994",164.62190080026,
"BGR","ROADACCID","DEATH","1000000HAB","A","1995",150.36758569733,
"BGR","ROADACCID","DEATH","1000000HAB","A","1996",121.25087859056,
"BGR","ROADACCID","DEATH","1000000HAB","A","1997",110.08090886648,
"BGR","ROADACCID","DEATH","1000000HAB","A","1998",121.47583817723,
"BGR","ROADACCID","DEATH","1000000HAB","A","1999",127.51771363541,
"BGR","ROADACCID","DEATH","1000000HAB","A","2000",123.86520136908,
"BGR","ROADACCID","DEATH","1000000HAB","A","2001",126.23074981065,
"BGR","ROADACCID","DEATH","1000000HAB","A","2002",122.36573932831,
"BGR","ROADACCID","DEATH","1000000HAB","A","2003",123.46747603027,
"BGR","ROADACCID","DEATH","1000000HAB","A","2004",122.19996216078,
"BGR","ROADACCID","DEATH","1000000HAB","A","2005",124.95149479591,
"BGR","ROADACCID","DEATH","1000000HAB","A","2006",137.21838984284,
"BGR","ROADACCID","DEATH","1000000HAB","A","2007",133.32736055032,
"BGR","ROADACCID","DEATH","1000000HAB","A","2008",141.60712205079,
"BGR","ROADACCID","DEATH","1000000HAB","A","2009",121.02987422968,
"BGR","ROADACCID","DEATH","1000000HAB","A","2010",104.92726823074,
"BGR","ROADACCID","DEATH","1000000HAB","A","2011",89.408093922862,
"BGR","ROADACCID","DEATH","1000000HAB","A","2012",82.262416286699,
"BGR","ROADACCID","DEATH","1000000HAB","A","2013",82.724086267045,
"DEU","ROADACCID","DEATH","1000000HAB","A","1994",120.50833840588,
"DEU","ROADACCID","DEATH","1000000HAB","A","1995",115.74713015618,
"DEU","ROADACCID","DEATH","1000000HAB","A","1996",106.91592588404,
"DEU","ROADACCID","DEATH","1000000HAB","A","1997",104.2119078994,
"DEU","ROADACCID","DEATH","1000000HAB","A","1998",94.969730531312,
"DEU","ROADACCID","DEATH","1000000HAB","A","1999",94.66476244169,
"DEU","ROADACCID","DEATH","1000000HAB","A","2000",91.264595219443,
"DEU","ROADACCID","DEATH","1000000HAB","A","2001",84.723817295523,
"DEU","ROADACCID","DEATH","1000000HAB","A","2002",82.944900376713,
"DEU","ROADACCID","DEATH","1000000HAB","A","2003",80.124383867357,
"DEU","ROADACCID","DEATH","1000000HAB","A","2004",70.798167536919,
"DEU","ROADACCID","DEATH","1000000HAB","A","2005",65.00591213068,
"DEU","ROADACCID","DEATH","1000000HAB","A","2006",61.801642802019,
"DEU","ROADACCID","DEATH","1000000HAB","A","2007",60.158238168082,
"DEU","ROADACCID","DEATH","1000000HAB","A","2008",54.524354051122,
"DEU","ROADACCID","DEATH","1000000HAB","A","2009",50.694542706837,
"DEU","ROADACCID","DEATH","1000000HAB","A","2010",44.609158108528,
"DEU","ROADACCID","DEATH","1000000HAB","A","2011",49.94083897844,
"DEU","ROADACCID","DEATH","1000000HAB","A","2012",44.761742755184,
"DEU","ROADACCID","DEATH","1000000HAB","A","2013",41.403372198646,
"NOR","ROADACCID","DEATH","1000000HAB","A","1994",65.258301812959,
"NOR","ROADACCID","DEATH","1000000HAB","A","1995",69.967223223429,
"NOR","ROADACCID","DEATH","1000000HAB","A","1996",58.20142531867,
"NOR","ROADACCID","DEATH","1000000HAB","A","1997",68.783019538237,
"NOR","ROADACCID","DEATH","1000000HAB","A","1998",79.43198906727,
"NOR","ROADACCID","DEATH","1000000HAB","A","1999",68.132211452801,
"NOR","ROADACCID","DEATH","1000000HAB","A","2000",75.930194989186,
"NOR","ROADACCID","DEATH","1000000HAB","A","2001",60.924938039338,
"NOR","ROADACCID","DEATH","1000000HAB","A","2002",68.309638335722,
"NOR","ROADACCID","DEATH","1000000HAB","A","2003",61.338202418259,
"NOR","ROADACCID","DEATH","1000000HAB","A","2004",55.967995888421,
"NOR","ROADACCID","DEATH","1000000HAB","A","2005",48.450335486129,
"NOR","ROADACCID","DEATH","1000000HAB","A","2006",51.923787037806,
"NOR","ROADACCID","DEATH","1000000HAB","A","2007",49.478112093619,
"NOR","ROADACCID","DEATH","1000000HAB","A","2008",53.479165775347,
"NOR","ROADACCID","DEATH","1000000HAB","A","2009",43.903919998774,
"NOR","ROADACCID","DEATH","1000000HAB","A","2010",42.542294813194,
"NOR","ROADACCID","DEATH","1000000HAB","A","2011",33.918234442836,
"NOR","ROADACCID","DEATH","1000000HAB","A","2012",28.892675268448,
"NOR","ROADACCID","DEATH","1000000HAB","A","2013",36.813755666513,
"HUN","ROADACCID","DEATH","1000000HAB","A","1994",151.01483029443,
"HUN","ROADACCID","DEATH","1000000HAB","A","1995",153.83922784132,
"HUN","ROADACCID","DEATH","1000000HAB","A","1996",132.86474427222,
"HUN","ROADACCID","DEATH","1000000HAB","A","1997",135.17340191707,
"HUN","ROADACCID","DEATH","1000000HAB","A","1998",133.54021839816,
"HUN","ROADACCID","DEATH","1000000HAB","A","1999",127.56983373919,
"HUN","ROADACCID","DEATH","1000000HAB","A","2000",117.52065498962,
"HUN","ROADACCID","DEATH","1000000HAB","A","2001",121.61872461123,
"HUN","ROADACCID","DEATH","1000000HAB","A","2002",140.66887904327,
"HUN","ROADACCID","DEATH","1000000HAB","A","2003",130.90411106039,
"HUN","ROADACCID","DEATH","1000000HAB","A","2004",128.22610853746,
"HUN","ROADACCID","DEATH","1000000HAB","A","2005",126.69691332414,
"HUN","ROADACCID","DEATH","1000000HAB","A","2006",129.37663892797,
"HUN","ROADACCID","DEATH","1000000HAB","A","2007",122.51660239186,
"HUN","ROADACCID","DEATH","1000000HAB","A","2008",99.221094484383,
"HUN","ROADACCID","DEATH","1000000HAB","A","2009",82.014237751493,
"HUN","ROADACCID","DEATH","1000000HAB","A","2010",73.999829800391,
"HUN","ROADACCID","DEATH","1000000HAB","A","2011",63.980893179286,
"HUN","ROADACCID","DEATH","1000000HAB","A","2012",60.985677740389,
"HUN","ROADACCID","DEATH","1000000HAB","A","2013",59.738714386477,
"EST","ROADACCID","DEATH","1000000HAB","A","1994",248.88650638558,
"EST","ROADACCID","DEATH","1000000HAB","A","1995",231.09574185213,
"EST","ROADACCID","DEATH","1000000HAB","A","1996",150.46687115091,
"EST","ROADACCID","DEATH","1000000HAB","A","1997",199.35192760453,
"EST","ROADACCID","DEATH","1000000HAB","A","1998",204.8831444657,
"EST","ROADACCID","DEATH","1000000HAB","A","1999",166.87718127178,
"EST","ROADACCID","DEATH","1000000HAB","A","2000",146.02876909917,
"EST","ROADACCID","DEATH","1000000HAB","A","2001",143.35988012521,
"EST","ROADACCID","DEATH","1000000HAB","A","2002",161.67035197738,
"EST","ROADACCID","DEATH","1000000HAB","A","2003",119.64514999416,
"EST","ROADACCID","DEATH","1000000HAB","A","2004",124.76606363069,
"EST","ROADACCID","DEATH","1000000HAB","A","2005",125.48209112214,
"EST","ROADACCID","DEATH","1000000HAB","A","2006",151.4690268115,
"EST","ROADACCID","DEATH","1000000HAB","A","2007",146.19446847868,
"EST","ROADACCID","DEATH","1000000HAB","A","2008",98.721851184288,
"EST","ROADACCID","DEATH","1000000HAB","A","2009",74.933590105769,
"EST","ROADACCID","DEATH","1000000HAB","A","2010",59.332694943578,
"EST","ROADACCID","DEATH","1000000HAB","A","2011",76.086358770535,
"EST","ROADACCID","DEATH","1000000HAB","A","2012",65.774750963184,
"EST","ROADACCID","DEATH","1000000HAB","A","2013",61.456892542244,
"BIH","ROADACCID","DEATH","1000000HAB","A","1994",37.732829283512,
"BIH","ROADACCID","DEATH","1000000HAB","A","1995",55.935512338073,
"BIH","ROADACCID","DEATH","1000000HAB","A","1996",52.64023862164,
"BIH","ROADACCID","DEATH","1000000HAB","A","1997",61.293598736392,
"BIH","ROADACCID","DEATH","1000000HAB","A","2003",121.71736856575,
"BIH","ROADACCID","DEATH","1000000HAB","A","2004",115.56911707575,
"BIH","ROADACCID","DEATH","1000000HAB","A","2005",101.54619955415,
"BIH","ROADACCID","DEATH","1000000HAB","A","2006",106.62876362493,
"BIH","ROADACCID","DEATH","1000000HAB","A","2007",113.93746687864,
"BIH","ROADACCID","DEATH","1000000HAB","A","2008",115.31515445721,
"BIH","ROADACCID","DEATH","1000000HAB","A","2009",101.96017094076,
"BIH","ROADACCID","DEATH","1000000HAB","A","2011",96.506649064143,
"BIH","ROADACCID","DEATH","1000000HAB","A","2012",83.054657091168,
"BIH","ROADACCID","DEATH","1000000HAB","A","2013",92.649124174514,
"MKD","ROADACCID","DEATH","1000000HAB","A","1994",74.178623133739,
"MKD","ROADACCID","DEATH","1000000HAB","A","1995",79.162910210099,
"MKD","ROADACCID","DEATH","1000000HAB","A","1996",77.408601301972,
"MKD","ROADACCID","DEATH","1000000HAB","A","1997",89.01784807854,
"MKD","ROADACCID","DEATH","1000000HAB","A","1998",92.939712940538,
"MKD","ROADACCID","DEATH","1000000HAB","A","1999",106.69859720983,
"MKD","ROADACCID","DEATH","1000000HAB","A","2000",79.613960750317,
"MKD","ROADACCID","DEATH","1000000HAB","A","2001",52.378010634205,
"MKD","ROADACCID","DEATH","1000000HAB","A","2002",85.898577207203,
"MKD","ROADACCID","DEATH","1000000HAB","A","2003",57.464939082295,
"MKD","ROADACCID","DEATH","1000000HAB","A","2004",75.350733357089,
"MKD","ROADACCID","DEATH","1000000HAB","A","2005",69.408311135617,
"MKD","ROADACCID","DEATH","1000000HAB","A","2006",67.857566966936,
"MKD","ROADACCID","DEATH","1000000HAB","A","2007",83.758662727589,
"MKD","ROADACCID","DEATH","1000000HAB","A","2008",78.360125724468,
"MKD","ROADACCID","DEATH","1000000HAB","A","2009",77.328568604698,
"MKD","ROADACCID","DEATH","1000000HAB","A","2010",78.232940027691,
"MKD","ROADACCID","DEATH","1000000HAB","A","2011",82.996241524853,
"MKD","ROADACCID","DEATH","1000000HAB","A","2012",63.644025465325,
"MKD","ROADACCID","DEATH","1000000HAB","A","2013",95.387714929478,
"AUS","ROADACCID","DEATH","1000000HAB","A","1994",107.98095771493,
"AUS","ROADACCID","DEATH","1000000HAB","A","1995",111.60911907924,
"AUS","ROADACCID","DEATH","1000000HAB","A","1996",107.58560428158,
"AUS","ROADACCID","DEATH","1000000HAB","A","1997",95.425824917643,
"AUS","ROADACCID","DEATH","1000000HAB","A","1998",93.795093795094,
"AUS","ROADACCID","DEATH","1000000HAB","A","1999",93.205114657086,
"AUS","ROADACCID","DEATH","1000000HAB","A","2000",94.867644755391,
"AUS","ROADACCID","DEATH","1000000HAB","A","2001",89.476124246639,
"AUS","ROADACCID","DEATH","1000000HAB","A","2002",87.271135898715,
"AUS","ROADACCID","DEATH","1000000HAB","A","2003",81.476120108166,
"AUS","ROADACCID","DEATH","1000000HAB","A","2004",78.649005832845,
"AUS","ROADACCID","DEATH","1000000HAB","A","2005",79.775236825073,
"AUS","ROADACCID","DEATH","1000000HAB","A","2006",77.205900115471,
"AUS","ROADACCID","DEATH","1000000HAB","A","2007",76.965180817761,
"AUS","ROADACCID","DEATH","1000000HAB","A","2008",67.626075334601,
"AUS","ROADACCID","DEATH","1000000HAB","A","2009",68.735968135278,
"AUS","ROADACCID","DEATH","1000000HAB","A","2010",61.411372224176,
"AUS","ROADACCID","DEATH","1000000HAB","A","2011",57.161979772269,
"AUS","ROADACCID","DEATH","1000000HAB","A","2012",57.161764495729,
"AUS","ROADACCID","DEATH","1000000HAB","A","2013",51.283378426271,
"IND","ROADACCID","DEATH","1000000HAB","A","1994",68.41722489409,
"IND","ROADACCID","DEATH","1000000HAB","A","1995",73.693147205203,
"IND","ROADACCID","DEATH","1000000HAB","A","1996",76.274918145643,
"IND","ROADACCID","DEATH","1000000HAB","A","1997",77.177250422481,
"IND","ROADACCID","DEATH","1000000HAB","A","1998",78.662442834342,
"IND","ROADACCID","DEATH","1000000HAB","A","1999",79.229476167541,
"IND","ROADACCID","DEATH","1000000HAB","A","2000",74.935598175523,
"IND","ROADACCID","DEATH","1000000HAB","A","2001",75.491994185918,
"IND","ROADACCID","DEATH","1000000HAB","A","2002",77.696318061833,
"IND","ROADACCID","DEATH","1000000HAB","A","2003",77.613572759229,
"IND","ROADACCID","DEATH","1000000HAB","A","2004",82.244079170215,
"IND","ROADACCID","DEATH","1000000HAB","A","2005",83.005375367206,
"IND","ROADACCID","DEATH","1000000HAB","A","2006",91.007769142947,
"IND","ROADACCID","DEATH","1000000HAB","A","2007",97.012647329216,
"IND","ROADACCID","DEATH","1000000HAB","A","2008",100.12137975655,
"IND","ROADACCID","DEATH","1000000HAB","A","2009",103.48603386384,
"IND","ROADACCID","DEATH","1000000HAB","A","2010",109.27303814224,
"IND","ROADACCID","DEATH","1000000HAB","A","2011",114.240606178,
"IND","ROADACCID","DEATH","1000000HAB","A","2012",109.46222620228,
"IND","ROADACCID","DEATH","1000000HAB","A","2013",107.59898833769,
"SVK","ROADACCID","DEATH","1000000HAB","A","1994",127.19002994764,
"SVK","ROADACCID","DEATH","1000000HAB","A","1995",130.17533199838,
"SVK","ROADACCID","DEATH","1000000HAB","A","1996",118.73387996824,
"SVK","ROADACCID","DEATH","1000000HAB","A","1997",153.80925905733,
"SVK","ROADACCID","DEATH","1000000HAB","A","1998",159.7249688156,
"SVK","ROADACCID","DEATH","1000000HAB","A","1999",124.53623226007,
"SVK","ROADACCID","DEATH","1000000HAB","A","2000",120.25119137754,
"SVK","ROADACCID","DEATH","1000000HAB","A","2001",116.19547387954,
"SVK","ROADACCID","DEATH","1000000HAB","A","2002",116.42370193152,
"SVK","ROADACCID","DEATH","1000000HAB","A","2003",121.5251348594,
"SVK","ROADACCID","DEATH","1000000HAB","A","2004",113.17355015003,
"SVK","ROADACCID","DEATH","1000000HAB","A","2005",111.6734697524,
"SVK","ROADACCID","DEATH","1000000HAB","A","2006",113.1572472564,
"SVK","ROADACCID","DEATH","1000000HAB","A","2007",122.98539320533,
"SVK","ROADACCID","DEATH","1000000HAB","A","2008",112.65546593724,
"SVK","ROADACCID","DEATH","1000000HAB","A","2009",71.29057854161,
"SVK","ROADACCID","DEATH","1000000HAB","A","2010",65.474304766752,
"SVK","ROADACCID","DEATH","1000000HAB","A","2011",60.203201550686,
"SVK","ROADACCID","DEATH","1000000HAB","A","2012",65.093824796642,
"SVK","ROADACCID","DEATH","1000000HAB","A","2013",46.366484014739,
"ARM","ROADACCID","DEATH","1000000HAB","A","1997",83.304448074518,
"ARM","ROADACCID","DEATH","1000000HAB","A","1998",101.65073066288,
"ARM","ROADACCID","DEATH","1000000HAB","A","1999",74.133615969093,
"ARM","ROADACCID","DEATH","1000000HAB","A","2000",69.716196440695,
"ARM","ROADACCID","DEATH","1000000HAB","A","2001",77.688234166105,
"ARM","ROADACCID","DEATH","1000000HAB","A","2002",77.458133878639,
"ARM","ROADACCID","DEATH","1000000HAB","A","2003",83.504373707256,
"ARM","ROADACCID","DEATH","1000000HAB","A","2004",86.315724925449,
"ARM","ROADACCID","DEATH","1000000HAB","A","2005",103.98291460084,
"ARM","ROADACCID","DEATH","1000000HAB","A","2006",112.21902991381,
"ARM","ROADACCID","DEATH","1000000HAB","A","2007",126.48923170918,
"ARM","ROADACCID","DEATH","1000000HAB","A","2008",139.9481469765,
"ARM","ROADACCID","DEATH","1000000HAB","A","2009",112.51187433012,
"ARM","ROADACCID","DEATH","1000000HAB","A","2010",102.17873563198,"E"
"ARM","ROADACCID","DEATH","1000000HAB","A","2011",113.71614988415,"E"
"ARM","ROADACCID","DEATH","1000000HAB","A","2012",107.91409344181,"E"
"ARM","ROADACCID","DEATH","1000000HAB","A","2013",109.20995925708,"E"
"MDA","ROADACCID","DEATH","1000000HAB","A","1994",146.30181522623,
"MDA","ROADACCID","DEATH","1000000HAB","A","1995",148.02322331997,
"MDA","ROADACCID","DEATH","1000000HAB","A","1996",151.04636414497,
"MDA","ROADACCID","DEATH","1000000HAB","A","1997",155.71089549363,
"MDA","ROADACCID","DEATH","1000000HAB","A","1998",134.69370323363,
"MDA","ROADACCID","DEATH","1000000HAB","A","1999",108.5823667172,
"MDA","ROADACCID","DEATH","1000000HAB","A","2000",111.55096505323,
"MDA","ROADACCID","DEATH","1000000HAB","A","2001",115.38052718161,
"MDA","ROADACCID","DEATH","1000000HAB","A","2002",113.71596732267,
"MDA","ROADACCID","DEATH","1000000HAB","A","2003",117.63488015358,
"MDA","ROADACCID","DEATH","1000000HAB","A","2004",112.37685369782,
"MDA","ROADACCID","DEATH","1000000HAB","A","2005",108.75651252633,
"MDA","ROADACCID","DEATH","1000000HAB","A","2006",106.54887901933,
"MDA","ROADACCID","DEATH","1000000HAB","A","2007",129.72090435599,
"MDA","ROADACCID","DEATH","1000000HAB","A","2008",142.57271768809,
"MDA","ROADACCID","DEATH","1000000HAB","A","2009",136.58275007544,
"MDA","ROADACCID","DEATH","1000000HAB","A","2010",126.89339971842,
"MDA","ROADACCID","DEATH","1000000HAB","A","2011",124.43869161283,
"MDA","ROADACCID","DEATH","1000000HAB","A","2012",124.17408082384,
"MDA","ROADACCID","DEATH","1000000HAB","A","2013",84.584633248337,
"DNK","ROADACCID","DEATH","1000000HAB","A","1994",104.8753596687,
"DNK","ROADACCID","DEATH","1000000HAB","A","1995",111.20934815844,
"DNK","ROADACCID","DEATH","1000000HAB","A","1996",97.661556725214,
"DNK","ROADACCID","DEATH","1000000HAB","A","1997",92.526174595189,
"DNK","ROADACCID","DEATH","1000000HAB","A","1998",94.076055306163,
"DNK","ROADACCID","DEATH","1000000HAB","A","1999",96.583880751603,
"DNK","ROADACCID","DEATH","1000000HAB","A","2000",93.265133672534,
"DNK","ROADACCID","DEATH","1000000HAB","A","2001",80.4287092797,
"DNK","ROADACCID","DEATH","1000000HAB","A","2002",86.124617298846,
"DNK","ROADACCID","DEATH","1000000HAB","A","2003",80.139888627816,
"DNK","ROADACCID","DEATH","1000000HAB","A","2004",68.276145739411,
"DNK","ROADACCID","DEATH","1000000HAB","A","2005",61.076511339196,
"DNK","ROADACCID","DEATH","1000000HAB","A","2006",56.278221873028,
"DNK","ROADACCID","DEATH","1000000HAB","A","2007",74.33939559508,
"DNK","ROADACCID","DEATH","1000000HAB","A","2008",73.903896901515,
"DNK","ROADACCID","DEATH","1000000HAB","A","2009",54.86054467649,
"DNK","ROADACCID","DEATH","1000000HAB","A","2010",45.965135354706,
"DNK","ROADACCID","DEATH","1000000HAB","A","2011",39.493251321408,
"DNK","ROADACCID","DEATH","1000000HAB","A","2012",29.86637746952,
"DNK","ROADACCID","DEATH","1000000HAB","A","2013",34.016440448433,
"AUT","ROADACCID","DEATH","1000000HAB","A","1994",168.5962834726,
"AUT","ROADACCID","DEATH","1000000HAB","A","1995",152.23423237084,
"AUT","ROADACCID","DEATH","1000000HAB","A","1996",129.03603548026,
"AUT","ROADACCID","DEATH","1000000HAB","A","1997",138.67900529126,
"AUT","ROADACCID","DEATH","1000000HAB","A","1998",120.72526927815,
"AUT","ROADACCID","DEATH","1000000HAB","A","1999",135.00453685311,
"AUT","ROADACCID","DEATH","1000000HAB","A","2000",121.82387313541,
"AUT","ROADACCID","DEATH","1000000HAB","A","2001",119.12025587727,
"AUT","ROADACCID","DEATH","1000000HAB","A","2002",118.28818193415,
"AUT","ROADACCID","DEATH","1000000HAB","A","2003",114.63508303902,
"AUT","ROADACCID","DEATH","1000000HAB","A","2004",107.44048616942,
"AUT","ROADACCID","DEATH","1000000HAB","A","2005",93.341755158013,
"AUT","ROADACCID","DEATH","1000000HAB","A","2006",88.285366361897,
"AUT","ROADACCID","DEATH","1000000HAB","A","2007",83.298304246634,
"AUT","ROADACCID","DEATH","1000000HAB","A","2008",81.595905351634,
"AUT","ROADACCID","DEATH","1000000HAB","A","2009",75.869051216164,
"AUT","ROADACCID","DEATH","1000000HAB","A","2010",66.001833703119,
"AUT","ROADACCID","DEATH","1000000HAB","A","2011",62.323909632476,
"AUT","ROADACCID","DEATH","1000000HAB","A","2012",62.989391091877,"B"
"AUT","ROADACCID","DEATH","1000000HAB","A","2013",53.656780336099,
"SRB","ROADACCID","DEATH","1000000HAB","A","1999",145.88083578048,
"SRB","ROADACCID","DEATH","1000000HAB","A","2000",139.42945149146,
"SRB","ROADACCID","DEATH","1000000HAB","A","2001",169.65567627511,
"SRB","ROADACCID","DEATH","1000000HAB","A","2002",112.98572858187,
"SRB","ROADACCID","DEATH","1000000HAB","A","2003",114.69682007745,
"SRB","ROADACCID","DEATH","1000000HAB","A","2004",127.69395042875,
"SRB","ROADACCID","DEATH","1000000HAB","A","2005",113.02595202189,
"SRB","ROADACCID","DEATH","1000000HAB","A","2006",121.43177780575,
"SRB","ROADACCID","DEATH","1000000HAB","A","2007",130.32441974813,
"SRB","ROADACCID","DEATH","1000000HAB","A","2008",122.03713030708,
"SRB","ROADACCID","DEATH","1000000HAB","A","2009",110.37034578292,
"SRB","ROADACCID","DEATH","1000000HAB","A","2010",89.968560376859,
"SRB","ROADACCID","DEATH","1000000HAB","A","2011",100.63450887249,
"SRB","ROADACCID","DEATH","1000000HAB","A","2012",95.012180033635,
"SRB","ROADACCID","DEATH","1000000HAB","A","2013",90.171426210461,
"ISL","ROADACCID","DEATH","1000000HAB","A","1994",45.109220700621,
"ISL","ROADACCID","DEATH","1000000HAB","A","1995",89.730360267396,
"ISL","ROADACCID","DEATH","1000000HAB","A","1996",37.186333278793,
"ISL","ROADACCID","DEATH","1000000HAB","A","1997",55.32442241303,
"ISL","ROADACCID","DEATH","1000000HAB","A","1998",98.523246012545,
"ISL","ROADACCID","DEATH","1000000HAB","A","1999",75.708141509332,
"ISL","ROADACCID","DEATH","1000000HAB","A","2000",113.7959851354,
"ISL","ROADACCID","DEATH","1000000HAB","A","2001",84.219982594537,
"ISL","ROADACCID","DEATH","1000000HAB","A","2002",100.86149629769,
"ISL","ROADACCID","DEATH","1000000HAB","A","2003",79.441560370405,
"ISL","ROADACCID","DEATH","1000000HAB","A","2004",78.74716681389,
"ISL","ROADACCID","DEATH","1000000HAB","A","2005",64.030411075239,
"ISL","ROADACCID","DEATH","1000000HAB","A","2006",102.04686255275,
"ISL","ROADACCID","DEATH","1000000HAB","A","2007",48.143892465802,
"ISL","ROADACCID","DEATH","1000000HAB","A","2008",37.805515824759,
"ISL","ROADACCID","DEATH","1000000HAB","A","2009",53.375363815899,
"ISL","ROADACCID","DEATH","1000000HAB","A","2010",25.15398957996,
"ISL","ROADACCID","DEATH","1000000HAB","A","2011",37.615904004213,
"ISL","ROADACCID","DEATH","1000000HAB","A","2012",28.062210803328,
"ISL","ROADACCID","DEATH","1000000HAB","A","2013",46.330042870733,
"NZL","ROADACCID","DEATH","1000000HAB","A","1994",160.22099447514,
"NZL","ROADACCID","DEATH","1000000HAB","A","1995",158.43632601949,
"NZL","ROADACCID","DEATH","1000000HAB","A","1996",137.72775991426,
"NZL","ROADACCID","DEATH","1000000HAB","A","1997",142.54356967181,
"NZL","ROADACCID","DEATH","1000000HAB","A","1998",131.32372214941,
"NZL","ROADACCID","DEATH","1000000HAB","A","1999",132.72144142265,
"NZL","ROADACCID","DEATH","1000000HAB","A","2000",119.76047904192,
"NZL","ROADACCID","DEATH","1000000HAB","A","2001",117.25293132328,
"NZL","ROADACCID","DEATH","1000000HAB","A","2002",102.57059642902,
"NZL","ROADACCID","DEATH","1000000HAB","A","2003",114.47159316647,
"NZL","ROADACCID","DEATH","1000000HAB","A","2004",106.42201834862,
"NZL","ROADACCID","DEATH","1000000HAB","A","2005",97.970439536515,
"NZL","ROADACCID","DEATH","1000000HAB","A","2006",93.915786455097,
"NZL","ROADACCID","DEATH","1000000HAB","A","2007",99.673279984848,
"NZL","ROADACCID","DEATH","1000000HAB","A","2008",85.919526738345,
"NZL","ROADACCID","DEATH","1000000HAB","A","2009",89.480779063822,
"NZL","ROADACCID","DEATH","1000000HAB","A","2010",86.193026409543,
"NZL","ROADACCID","DEATH","1000000HAB","A","2011",64.78102189781,
"NZL","ROADACCID","DEATH","1000000HAB","A","2012",69.871373153967,
"NZL","ROADACCID","DEATH","1000000HAB","A","2013",56.955043785597,
"USA","ROADACCID","DEATH","1000000HAB","A","1994",154.739554434,
"USA","ROADACCID","DEATH","1000000HAB","A","1995",157.04263964729,
"USA","ROADACCID","DEATH","1000000HAB","A","1996",156.1467590221,
"USA","ROADACCID","DEATH","1000000HAB","A","1997",154.08736984563,
"USA","ROADACCID","DEATH","1000000HAB","A","1998",150.44552553162,
"USA","ROADACCID","DEATH","1000000HAB","A","1999",149.50186353211,
"USA","ROADACCID","DEATH","1000000HAB","A","2000",148.65552024221,
"USA","ROADACCID","DEATH","1000000HAB","A","2001",148.07226983725,
"USA","ROADACCID","DEATH","1000000HAB","A","2002",149.5175007149,
"USA","ROADACCID","DEATH","1000000HAB","A","2003",147.82084569883,
"USA","ROADACCID","DEATH","1000000HAB","A","2004",146.29516710452,
"USA","ROADACCID","DEATH","1000000HAB","A","2005",147.2336922773,
"USA","ROADACCID","DEATH","1000000HAB","A","2006",143.1329599695,
"USA","ROADACCID","DEATH","1000000HAB","A","2007",136.96788062201,
"USA","ROADACCID","DEATH","1000000HAB","A","2008",123.0639347839,
"USA","ROADACCID","DEATH","1000000HAB","A","2009",110.45027584682,
"USA","ROADACCID","DEATH","1000000HAB","A","2010",106.67604720204,
"USA","ROADACCID","DEATH","1000000HAB","A","2011",104.21818106208,
"USA","ROADACCID","DEATH","1000000HAB","A","2012",106.88445579178,
"USA","ROADACCID","DEATH","1000000HAB","A","2013",103.46435788214,
"PRT","ROADACCID","DEATH","1000000HAB","A","1994",219.78626886286,
"PRT","ROADACCID","DEATH","1000000HAB","A","1995",239.07419937571,
"PRT","ROADACCID","DEATH","1000000HAB","A","1996",237.87888347959,
"PRT","ROADACCID","DEATH","1000000HAB","A","1997",218.61757129332,
"PRT","ROADACCID","DEATH","1000000HAB","A","1998",209.24793183124,
"PRT","ROADACCID","DEATH","1000000HAB","A","1999",195.24697421017,
"PRT","ROADACCID","DEATH","1000000HAB","A","2000",180.46826120142,
"PRT","ROADACCID","DEATH","1000000HAB","A","2001",161.25106897589,
"PRT","ROADACCID","DEATH","1000000HAB","A","2002",160.75425319764,
"PRT","ROADACCID","DEATH","1000000HAB","A","2003",147.81780852737,
"PRT","ROADACCID","DEATH","1000000HAB","A","2004",123.42780965906,
"PRT","ROADACCID","DEATH","1000000HAB","A","2005",118.72425221335,
"PRT","ROADACCID","DEATH","1000000HAB","A","2006",92.090237408442,
"PRT","ROADACCID","DEATH","1000000HAB","A","2007",92.383887491222,
"PRT","ROADACCID","DEATH","1000000HAB","A","2008",83.82128846675,
"PRT","ROADACCID","DEATH","1000000HAB","A","2009",69.737204287523,
"PRT","ROADACCID","DEATH","1000000HAB","A","2010",88.621123416973,
"PRT","ROADACCID","DEATH","1000000HAB","A","2011",84.394500244375,
"PRT","ROADACCID","DEATH","1000000HAB","A","2012",68.284417724124,
"PRT","ROADACCID","DEATH","1000000HAB","A","2013",60.91441429165,
"KOR","ROADACCID","DEATH","1000000HAB","A","1994",225.95546659009,
"KOR","ROADACCID","DEATH","1000000HAB","A","1995",228.92693012978,
"KOR","ROADACCID","DEATH","1000000HAB","A","1996",277.93714798353,
"KOR","ROADACCID","DEATH","1000000HAB","A","1997",252.49392974389,
"KOR","ROADACCID","DEATH","1000000HAB","A","1998",195.67259164081,
"KOR","ROADACCID","DEATH","1000000HAB","A","1999",200.63635166445,
"KOR","ROADACCID","DEATH","1000000HAB","A","2000",217.74965601149,
"KOR","ROADACCID","DEATH","1000000HAB","A","2001",170.93037718848,
"KOR","ROADACCID","DEATH","1000000HAB","A","2002",151.58022913591,
"KOR","ROADACCID","DEATH","1000000HAB","A","2003",150.58778723023,
"KOR","ROADACCID","DEATH","1000000HAB","A","2004",136.4945126939,
"KOR","ROADACCID","DEATH","1000000HAB","A","2005",132.32454270985,
"KOR","ROADACCID","DEATH","1000000HAB","A","2006",130.61979972374,
"KOR","ROADACCID","DEATH","1000000HAB","A","2007",126.65446242945,
"KOR","ROADACCID","DEATH","1000000HAB","A","2008",119.66231661189,
"KOR","ROADACCID","DEATH","1000000HAB","A","2009",118.39903333821,
"KOR","ROADACCID","DEATH","1000000HAB","A","2010",111.09068002268,
"KOR","ROADACCID","DEATH","1000000HAB","A","2011",104.71269611703,
"KOR","ROADACCID","DEATH","1000000HAB","A","2012",107.410673095,
"KOR","ROADACCID","DEATH","1000000HAB","A","2013",100.97386036215,
"ROU","ROADACCID","DEATH","1000000HAB","A","1994",126.57163631257,
"ROU","ROADACCID","DEATH","1000000HAB","A","1995",125.41730459036,
"ROU","ROADACCID","DEATH","1000000HAB","A","1996",125.77918992366,
"ROU","ROADACCID","DEATH","1000000HAB","A","1997",126.93991277282,
"ROU","ROADACCID","DEATH","1000000HAB","A","1998",123.42638029614,
"ROU","ROADACCID","DEATH","1000000HAB","A","1999",111.47185569267,
"ROU","ROADACCID","DEATH","1000000HAB","A","2000",111.34889404794,
"ROU","ROADACCID","DEATH","1000000HAB","A","2001",111.1966083453,
"ROU","ROADACCID","DEATH","1000000HAB","A","2002",110.35182998124,
"ROU","ROADACCID","DEATH","1000000HAB","A","2003",103.59535681439,
"ROU","ROADACCID","DEATH","1000000HAB","A","2004",112.71808712278,
"ROU","ROADACCID","DEATH","1000000HAB","A","2005",123.87612668761,
"ROU","ROADACCID","DEATH","1000000HAB","A","2006",122.06423022626,
"ROU","ROADACCID","DEATH","1000000HAB","A","2007",134.08046800979,
"ROU","ROADACCID","DEATH","1000000HAB","A","2008",149.23647164081,
"ROU","ROADACCID","DEATH","1000000HAB","A","2009",137.32671094868,
"ROU","ROADACCID","DEATH","1000000HAB","A","2010",117.40085665583,
"ROU","ROADACCID","DEATH","1000000HAB","A","2011",100.16117113722,
"ROU","ROADACCID","DEATH","1000000HAB","A","2012",101.80458853522,
"ROU","ROADACCID","DEATH","1000000HAB","A","2013",93.125930227211,
"JPN","ROADACCID","DEATH","1000000HAB","A","1994",102.20788886132,
"JPN","ROADACCID","DEATH","1000000HAB","A","1995",101.04512950518,
"JPN","ROADACCID","DEATH","1000000HAB","A","1996",92.837774438003,
"JPN","ROADACCID","DEATH","1000000HAB","A","1997",89.292938908589,
"JPN","ROADACCID","DEATH","1000000HAB","A","1998",85.506329113924,
"JPN","ROADACCID","DEATH","1000000HAB","A","1999",81.954655653039,
"JPN","ROADACCID","DEATH","1000000HAB","A","2000",82.069960502353,
"JPN","ROADACCID","DEATH","1000000HAB","A","2001",79.206285539013,
"JPN","ROADACCID","DEATH","1000000HAB","A","2002",75.679704970772,
"JPN","ROADACCID","DEATH","1000000HAB","A","2003",70.029283264693,
"JPN","ROADACCID","DEATH","1000000HAB","A","2004",67.09402712878,
"JPN","ROADACCID","DEATH","1000000HAB","A","2005",62.58755762172,
"JPN","ROADACCID","DEATH","1000000HAB","A","2006",57.377946720478,
"JPN","ROADACCID","DEATH","1000000HAB","A","2007",52.304278872821,
"JPN","ROADACCID","DEATH","1000000HAB","A","2008",47.468823938218,
"JPN","ROADACCID","DEATH","1000000HAB","A","2009",45.608253219521,
"JPN","ROADACCID","DEATH","1000000HAB","A","2010",45.506363707348,
"JPN","ROADACCID","DEATH","1000000HAB","A","2011",43.298678744925,
"JPN","ROADACCID","DEATH","1000000HAB","A","2012",41.221039105532,
"JPN","ROADACCID","DEATH","1000000HAB","A","2013",40.527286280356,
"GEO","ROADACCID","DEATH","1000000HAB","A","1994",101.61263781471,
"GEO","ROADACCID","DEATH","1000000HAB","A","1995",95.057034220532,
"GEO","ROADACCID","DEATH","1000000HAB","A","1996",94.668659691081,
"GEO","ROADACCID","DEATH","1000000HAB","A","1997",99.082001941919,
"GEO","ROADACCID","DEATH","1000000HAB","A","1998",103.84863949368,
"GEO","ROADACCID","DEATH","1000000HAB","A","1999",121.05558674902,
"GEO","ROADACCID","DEATH","1000000HAB","A","2000",113.16569721386,
"GEO","ROADACCID","DEATH","1000000HAB","A","2001",127.21138063104,
"GEO","ROADACCID","DEATH","1000000HAB","A","2002",118.20059674088,
"GEO","ROADACCID","DEATH","1000000HAB","A","2003",132.99232736573,
"GEO","ROADACCID","DEATH","1000000HAB","A","2004",150.05889281508,
"GEO","ROADACCID","DEATH","1000000HAB","A","2005",138.66348448687,
"GEO","ROADACCID","DEATH","1000000HAB","A","2006",163.20116054159,
"GEO","ROADACCID","DEATH","1000000HAB","A","2007",180.54875061244,
"GEO","ROADACCID","DEATH","1000000HAB","A","2008",215.1364764268,
"GEO","ROADACCID","DEATH","1000000HAB","A","2009",185.52036199095,
"GEO","ROADACCID","DEATH","1000000HAB","A","2010",174.47784004075,
"GEO","ROADACCID","DEATH","1000000HAB","A","2011",135.74193548387,
"GEO","ROADACCID","DEATH","1000000HAB","A","2012",158.16993464052,
"GEO","ROADACCID","DEATH","1000000HAB","A","2013",136.12288135593,
"BLR","ROADACCID","DEATH","1000000HAB","A","1994",163.29324337538,
"BLR","ROADACCID","DEATH","1000000HAB","A","1995",174.71061408672,
"BLR","ROADACCID","DEATH","1000000HAB","A","1996",169.98031496063,
"BLR","ROADACCID","DEATH","1000000HAB","A","1997",170.60393397252,
"BLR","ROADACCID","DEATH","1000000HAB","A","1998",183.03704439368,
"BLR","ROADACCID","DEATH","1000000HAB","A","1999",175.92959943703,
"BLR","ROADACCID","DEATH","1000000HAB","A","2000",159.72568066287,
"BLR","ROADACCID","DEATH","1000000HAB","A","2001",160.54712526473,
"BLR","ROADACCID","DEATH","1000000HAB","A","2002",175.15499392431,
"BLR","ROADACCID","DEATH","1000000HAB","A","2003",179.95765738206,
"BLR","ROADACCID","DEATH","1000000HAB","A","2004",173.48146677347,
"BLR","ROADACCID","DEATH","1000000HAB","A","2005",173.11824452098,
"BLR","ROADACCID","DEATH","1000000HAB","A","2006",179.69949580028,
"BLR","ROADACCID","DEATH","1000000HAB","A","2007",158.77078362377,
"BLR","ROADACCID","DEATH","1000000HAB","A","2008",164.14803339846,
"BLR","ROADACCID","DEATH","1000000HAB","A","2009",139.0588701835,
"GRC","ROADACCID","DEATH","1000000HAB","A","1994",181.58605190831,
"GRC","ROADACCID","DEATH","1000000HAB","A","1995",193.42647280341,
"GRC","ROADACCID","DEATH","1000000HAB","A","1996",203.32177060554,
"GRC","ROADACCID","DEATH","1000000HAB","A","1997",197.44384786075,
"GRC","ROADACCID","DEATH","1000000HAB","A","1998",203.53511199888,
"GRC","ROADACCID","DEATH","1000000HAB","A","1999",196.62324662892,
"GRC","ROADACCID","DEATH","1000000HAB","A","2000",188.50973476486,
"GRC","ROADACCID","DEATH","1000000HAB","A","2001",173.07836067542,
"GRC","ROADACCID","DEATH","1000000HAB","A","2002",149.88045336911,
"GRC","ROADACCID","DEATH","1000000HAB","A","2003",146.86948381553,
"GRC","ROADACCID","DEATH","1000000HAB","A","2004",152.43984536575,
"GRC","ROADACCID","DEATH","1000000HAB","A","2005",150.90130308463,
"GRC","ROADACCID","DEATH","1000000HAB","A","2006",150.35803724052,
"GRC","ROADACCID","DEATH","1000000HAB","A","2007",145.90251521636,
"GRC","ROADACCID","DEATH","1000000HAB","A","2008",140.1897716351,
"GRC","ROADACCID","DEATH","1000000HAB","A","2009",131.08830210668,
"GRC","ROADACCID","DEATH","1000000HAB","A","2010",113.11585536313,
"GRC","ROADACCID","DEATH","1000000HAB","A","2011",102.74744506906,
"GRC","ROADACCID","DEATH","1000000HAB","A","2012",89.452151745254,
"GRC","ROADACCID","DEATH","1000000HAB","A","2013",80.162616113817,
"CZE","ROADACCID","DEATH","1000000HAB","A","1994",158.41546599453,
"CZE","ROADACCID","DEATH","1000000HAB","A","1995",153.76789936298,
"CZE","ROADACCID","DEATH","1000000HAB","A","1996",152.00808202154,
"CZE","ROADACCID","DEATH","1000000HAB","A","1997",154.98638361644,
"CZE","ROADACCID","DEATH","1000000HAB","A","1998",132.11100860635,
"CZE","ROADACCID","DEATH","1000000HAB","A","1999",141.48383972555,
"CZE","ROADACCID","DEATH","1000000HAB","A","2000",144.90403423168,
"CZE","ROADACCID","DEATH","1000000HAB","A","2001",130.57175059621,
"CZE","ROADACCID","DEATH","1000000HAB","A","2002",140.33654881535,
"CZE","ROADACCID","DEATH","1000000HAB","A","2003",141.94627073696,
"CZE","ROADACCID","DEATH","1000000HAB","A","2004",135.52871546531,
"CZE","ROADACCID","DEATH","1000000HAB","A","2005",125.93994681926,
"CZE","ROADACCID","DEATH","1000000HAB","A","2006",103.81969556315,
"CZE","ROADACCID","DEATH","1000000HAB","A","2007",118.65427794308,
"CZE","ROADACCID","DEATH","1000000HAB","A","2008",103.61493838522,
"CZE","ROADACCID","DEATH","1000000HAB","A","2009",86.27015715148,
"CZE","ROADACCID","DEATH","1000000HAB","A","2010",76.56755845914,
"CZE","ROADACCID","DEATH","1000000HAB","A","2011",73.646486195619,
"CZE","ROADACCID","DEATH","1000000HAB","A","2012",70.594156383182,
"CZE","ROADACCID","DEATH","1000000HAB","A","2013",62.20116808848,
"ALB","ROADACCID","DEATH","1000000HAB","A","1994",131.25339824713,
"ALB","ROADACCID","DEATH","1000000HAB","A","1995",95.99144735026,
"ALB","ROADACCID","DEATH","1000000HAB","A","1996",80.807239066007,
"ALB","ROADACCID","DEATH","1000000HAB","A","1997",84.490552145758,
"ALB","ROADACCID","DEATH","1000000HAB","A","1998",98.448792244281,
"ALB","ROADACCID","DEATH","1000000HAB","A","1999",88.137525419956,
"ALB","ROADACCID","DEATH","1000000HAB","A","2000",90.643429144517,
"ALB","ROADACCID","DEATH","1000000HAB","A","2001",97.053336527053,
"ALB","ROADACCID","DEATH","1000000HAB","A","2002",81.940078859132,
"ALB","ROADACCID","DEATH","1000000HAB","A","2003",85.537120478376,
"ALB","ROADACCID","DEATH","1000000HAB","A","2004",104.06552626267,
"ALB","ROADACCID","DEATH","1000000HAB","A","2005",102.27505547924,
"ALB","ROADACCID","DEATH","1000000HAB","A","2006",92.56329140361,
"ALB","ROADACCID","DEATH","1000000HAB","A","2007",129.29218923663,
"ALB","ROADACCID","DEATH","1000000HAB","A","2008",102.80546965814,
"ALB","ROADACCID","DEATH","1000000HAB","A","2009",129.11957189689,
"ALB","ROADACCID","DEATH","1000000HAB","A","2010",121.18003955344,
"ALB","ROADACCID","DEATH","1000000HAB","A","2011",110.8359335604,
"ALB","ROADACCID","DEATH","1000000HAB","A","2012",115.15649043012,
"ALB","ROADACCID","DEATH","1000000HAB","A","2013",101.89658912394,
"ESP","ROADACCID","DEATH","1000000HAB","A","1994",141.97538917945,
"ESP","ROADACCID","DEATH","1000000HAB","A","1995",144.77375796275,
"ESP","ROADACCID","DEATH","1000000HAB","A","1996",137.4535057187,
"ESP","ROADACCID","DEATH","1000000HAB","A","1997",139.8992830012,
"ESP","ROADACCID","DEATH","1000000HAB","A","1998",148.09747205297,
"ESP","ROADACCID","DEATH","1000000HAB","A","1999",142.07586004116,
"ESP","ROADACCID","DEATH","1000000HAB","A","2000",142.37870645593,
"ESP","ROADACCID","DEATH","1000000HAB","A","2001",135.05371745088,
"ESP","ROADACCID","DEATH","1000000HAB","A","2002",129.05621362344,
"ESP","ROADACCID","DEATH","1000000HAB","A","2003",127.97585643854,
"ESP","ROADACCID","DEATH","1000000HAB","A","2004",110.45644652921,
"ESP","ROADACCID","DEATH","1000000HAB","A","2005",101.75667715197,
"ESP","ROADACCID","DEATH","1000000HAB","A","2006",92.438014106212,
"ESP","ROADACCID","DEATH","1000000HAB","A","2007",84.52952113374,
"ESP","ROADACCID","DEATH","1000000HAB","A","2008",67.458607507238,
"ESP","ROADACCID","DEATH","1000000HAB","A","2009",58.538126546143,
"ESP","ROADACCID","DEATH","1000000HAB","A","2010",53.202341925011,
"ESP","ROADACCID","DEATH","1000000HAB","A","2011",44.071055634637,
"ESP","ROADACCID","DEATH","1000000HAB","A","2012",40.685817935134,
"ESP","ROADACCID","DEATH","1000000HAB","A","2013",36.036001252251,
"NLD","ROADACCID","DEATH","1000000HAB","A","1994",84.379748392332,
"NLD","ROADACCID","DEATH","1000000HAB","A","1995",86.29274094337,
"NLD","ROADACCID","DEATH","1000000HAB","A","1996",80.551183870601,"B"
"NLD","ROADACCID","DEATH","1000000HAB","A","1997",79.112657064248,
"NLD","ROADACCID","DEATH","1000000HAB","A","1998",73.151124429553,
"NLD","ROADACCID","DEATH","1000000HAB","A","1999",75.005906873273,
"NLD","ROADACCID","DEATH","1000000HAB","A","2000",73.215851822167,
"NLD","ROADACCID","DEATH","1000000HAB","A","2001",67.492699196943,
"NLD","ROADACCID","DEATH","1000000HAB","A","2002",66.010569493494,
"NLD","ROADACCID","DEATH","1000000HAB","A","2003",67.055762660073,
"NLD","ROADACCID","DEATH","1000000HAB","A","2004",54.109566282653,
"NLD","ROADACCID","DEATH","1000000HAB","A","2005",50.061679420446,
"NLD","ROADACCID","DEATH","1000000HAB","A","2006",49.614278047101,
"NLD","ROADACCID","DEATH","1000000HAB","A","2007",48.285598756075,
"NLD","ROADACCID","DEATH","1000000HAB","A","2008",45.60492285076,
"NLD","ROADACCID","DEATH","1000000HAB","A","2009",43.556146413502,
"NLD","ROADACCID","DEATH","1000000HAB","A","2010",38.518496762701,
"NLD","ROADACCID","DEATH","1000000HAB","A","2011",39.597260516547,
"NLD","ROADACCID","DEATH","1000000HAB","A","2012",38.794477719496,
"NLD","ROADACCID","DEATH","1000000HAB","A","2013",33.919623108951,
"ISR","ROADACCID","DEATH","1000000HAB","A","1994",99.833302463419,
"ISR","ROADACCID","DEATH","1000000HAB","A","1995",99.188458070334,
"ISR","ROADACCID","DEATH","1000000HAB","A","1996",90.829234012649,
"ISR","ROADACCID","DEATH","1000000HAB","A","1997",90.815627141878,
"ISR","ROADACCID","DEATH","1000000HAB","A","1998",91.776921788645,
"ISR","ROADACCID","DEATH","1000000HAB","A","1999",77.714285714286,
"ISR","ROADACCID","DEATH","1000000HAB","A","2000",73.302591827,
"ISR","ROADACCID","DEATH","1000000HAB","A","2001",84.174561267278,
"ISR","ROADACCID","DEATH","1000000HAB","A","2002",79.908675799087,
"ISR","ROADACCID","DEATH","1000000HAB","A","2003",66.520172802966,
"ISR","ROADACCID","DEATH","1000000HAB","A","2004",68.585695403143,
"ISR","ROADACCID","DEATH","1000000HAB","A","2005",63.05825312766,
"ISR","ROADACCID","DEATH","1000000HAB","A","2006",57.416674936558,
"ISR","ROADACCID","DEATH","1000000HAB","A","2007",53.202601635075,
"ISR","ROADACCID","DEATH","1000000HAB","A","2008",56.370402802102,
"ISR","ROADACCID","DEATH","1000000HAB","A","2009",41.947205300844,
"ISR","ROADACCID","DEATH","1000000HAB","A","2010",46.17241198384,
"ISR","ROADACCID","DEATH","1000000HAB","A","2011",43.91047928095,
"ISR","ROADACCID","DEATH","1000000HAB","A","2012",33.246950255989,
"ISR","ROADACCID","DEATH","1000000HAB","A","2013",34.369377752962,
"ARG","ROADACCID","DEATH","1000000HAB","A","2008",142.61167163736,
"ARG","ROADACCID","DEATH","1000000HAB","A","2009",127.91852587465,
"ARG","ROADACCID","DEATH","1000000HAB","A","2010",123.56912759978,
"ARG","ROADACCID","DEATH","1000000HAB","A","2011",120.98842066397,
"ARG","ROADACCID","DEATH","1000000HAB","A","2012",120.5319015328,
"ARG","ROADACCID","DEATH","1000000HAB","A","2013",122.44967521687,
